image,annotations/0
T (1).jpg,2
T (10).jpg,2
T (100).jpg,2
T (11).jpg,2
T (12).jpg,2
T (13).jpg,2
T (14).jpg,2
T (15).jpg,2
T (16).jpg,2
T (17).jpg,2
T (18).jpg,2
T (19).jpg,2
T (2).jpg,2
T (20).jpg,2
T (21).jpg,2
T (22).jpg,2
T (23).jpg,2
T (24).jpg,2
T (25).jpg,2
T (26).jpg,2
T (27).jpg,2
T (28).jpg,2
T (29).jpg,2
T (3).jpg,2
T (30).jpg,2
T (31).jpg,2
T (32).jpg,2
T (33).jpg,2
T (34).jpg,2
T (35).jpg,2
T (36).jpg,2
T (37).jpg,2
T (38).jpg,2
T (39).jpg,2
T (4).jpg,2
T (40).jpg,2
T (41).jpg,2
T (42).jpg,2
T (43).jpg,2
T (44).jpg,2
T (45).jpg,2
T (46).jpg,2
T (47).jpg,2
T (48).jpg,2
T (49).jpg,2
T (5).jpg,2
T (50).jpg,2
T (51).jpg,2
T (52).jpg,2
T (53).jpg,2
T (54).jpg,2
T (55).jpg,2
T (56).jpg,2
T (57).jpg,2
T (58).jpg,2
T (59).jpg,2
T (6).jpg,2
T (60).jpg,2
T (61).jpg,2
T (62).jpg,2
T (63).jpg,2
T (64).jpg,2
T (65).jpg,2
T (66).jpg,2
T (67).jpg,2
T (68).jpg,2
T (69).jpg,2
T (7).jpg,2
T (70).jpg,2
T (71).jpg,2
T (72).jpg,2
T (73).jpg,2
T (74).jpg,2
T (75).jpg,2
T (76).jpg,2
T (77).jpg,2
T (78).jpg,2
T (79).jpg,2
T (8).jpg,2
T (80).jpg,2
T (81).jpg,2
T (82).jpg,2
T (83).jpg,2
T (84).jpg,2
T (85).jpg,2
T (86).jpg,2
T (87).jpg,2
T (88).jpg,2
T (89).jpg,2
T (9).jpg,2
T (90).jpg,2
T (91).jpg,2
T (92).jpg,2
T (93).jpg,2
T (94).jpg,2
T (95).jpg,2
T (96).jpg,2
T (97).jpg,2
T (98).jpg,2
T (99).jpg,2
C (1).jpg,0
C (10).jpg,0
C (100).jpg,0
C (11).jpg,0
C (12).jpg,0
C (13).jpg,0
C (14).jpg,0
C (15).jpg,0
C (16).jpg,0
C (17).jpg,0
C (18).jpg,0
C (19).jpg,0
C (2).jpg,0
C (20).jpg,0
C (21).jpg,0
C (22).jpg,0
C (23).jpg,0
C (24).jpg,0
C (25).jpg,0
C (26).jpg,0
C (27).jpg,0
C (28).jpg,0
C (29).jpg,0
C (3).jpg,0
C (30).jpg,0
C (31).jpg,0
C (32).jpg,0
C (33).jpg,0
C (34).jpg,0
C (35).jpg,0
C (36).jpg,0
C (37).jpg,0
C (38).jpg,0
C (39).jpg,0
C (4).jpg,0
C (40).jpg,0
C (41).jpg,0
C (42).jpg,0
C (43).jpg,0
C (44).jpg,0
C (45).jpg,0
C (46).jpg,0
C (47).jpg,0
C (48).jpg,0
C (49).jpg,0
C (5).jpg,0
C (50).jpg,0
C (51).jpg,0
C (52).jpg,0
C (53).jpg,0
C (54).jpg,0
C (55).jpg,0
C (56).jpg,0
C (57).jpg,0
C (58).jpg,0
C (59).jpg,0
C (6).jpg,0
C (60).jpg,0
C (61).jpg,0
C (62).jpg,0
C (63).jpg,0
C (64).jpg,0
C (65).jpg,0
C (66).jpg,0
C (67).jpg,0
C (68).jpg,0
C (69).jpg,0
C (7).jpg,0
C (70).jpg,0
C (71).jpg,0
C (72).jpg,0
C (73).jpg,0
C (74).jpg,0
C (75).jpg,0
C (76).jpg,0
C (77).jpg,0
C (78).jpg,0
C (79).jpg,0
C (8).jpg,0
C (80).jpg,0
C (81).jpg,0
C (82).jpg,0
C (83).jpg,0
C (84).jpg,0
C (85).jpg,0
C (86).jpg,0
C (87).jpg,0
C (88).jpg,0
C (89).jpg,0
C (9).jpg,0
C (90).jpg,0
C (91).jpg,0
C (92).jpg,0
C (93).jpg,0
C (94).jpg,0
C (95).jpg,0
C (96).jpg,0
C (97).jpg,0
C (98).jpg,0
C (99).jpg,0
S (1).jpg,1
S (10).jpg,1
S (100).jpg,1
S (11).jpg,1
S (12).jpg,1
S (13).jpg,1
S (14).jpg,1
S (15).jpg,1
S (16).jpg,1
S (17).jpg,1
S (18).jpg,1
S (19).jpg,1
S (2).jpg,1
S (20).jpg,1
S (21).jpg,1
S (22).jpg,1
S (23).jpg,1
S (24).jpg,1
S (25).jpg,1
S (26).jpg,1
S (27).jpg,1
S (28).jpg,1
S (29).jpg,1
S (3).jpg,1
S (30).jpg,1
S (31).jpg,1
S (32).jpg,1
S (33).jpg,1
S (34).jpg,1
S (35).jpg,1
S (36).jpg,1
S (37).jpg,1
S (38).jpg,1
S (39).jpg,1
S (4).jpg,1
S (40).jpg,1
S (41).jpg,1
S (42).jpg,1
S (43).jpg,1
S (44).jpg,1
S (45).jpg,1
S (46).jpg,1
S (47).jpg,1
S (48).jpg,1
S (49).jpg,1
S (5).jpg,1
S (50).jpg,1
S (51).jpg,1
S (52).jpg,1
S (53).jpg,1
S (54).jpg,1
S (55).jpg,1
S (56).jpg,1
S (57).jpg,1
S (58).jpg,1
S (59).jpg,1
S (6).jpg,1
S (60).jpg,1
S (61).jpg,1
S (62).jpg,1
S (63).jpg,1
S (64).jpg,1
S (65).jpg,1
S (66).jpg,1
S (67).jpg,1
S (68).jpg,1
S (69).jpg,1
S (7).jpg,1
S (70).jpg,1
S (71).jpg,1
S (72).jpg,1
S (73).jpg,1
S (74).jpg,1
S (75).jpg,1
S (76).jpg,1
S (77).jpg,1
S (78).jpg,1
S (79).jpg,1
S (8).jpg,1
S (80).jpg,1
S (81).jpg,1
S (82).jpg,1
S (83).jpg,1
S (84).jpg,1
S (85).jpg,1
S (86).jpg,1
S (87).jpg,1
S (88).jpg,1
S (89).jpg,1
S (9).jpg,1
S (90).jpg,1
S (91).jpg,1
S (92).jpg,1
S (93).jpg,1
S (94).jpg,1
S (95).jpg,1
S (96).jpg,1
S (97).jpg,1
S (98).jpg,1
S (99).jpg,1
